pointid,POINT,POINT_X,POINT_Y
1,japan-geoglows_1,141.6248246,45.25002737
2,japan-geoglows_2,141.8748243,45.25002737
3,japan-geoglows_3,142.1248239,45.25002737
4,japan-geoglows_4,141.8748243,45.00002753
5,japan-geoglows_5,142.1248239,45.00002753
6,japan-geoglows_6,142.3748236,45.00002753
7,japan-geoglows_7,141.8748243,44.75002768
8,japan-geoglows_8,142.1248239,44.75002768
9,japan-geoglows_9,142.3748236,44.75002768
10,japan-geoglows_10,142.6248233,44.75002768
11,japan-geoglows_11,141.8748243,44.50002783
12,japan-geoglows_12,142.1248239,44.50002783
13,japan-geoglows_13,142.3748236,44.50002783
14,japan-geoglows_14,142.6248233,44.50002783
15,japan-geoglows_15,142.874823,44.50002783
16,japan-geoglows_16,143.1248226,44.50002783
17,japan-geoglows_17,141.8748243,44.25002798
18,japan-geoglows_18,142.1248239,44.25002798
19,japan-geoglows_19,142.3748236,44.25002798
20,japan-geoglows_20,142.6248233,44.25002798
21,japan-geoglows_21,142.874823,44.25002798
22,japan-geoglows_22,143.1248226,44.25002798
23,japan-geoglows_23,143.3748223,44.25002798
24,japan-geoglows_24,143.624822,44.25002798
25,japan-geoglows_25,141.8748243,44.00002814
26,japan-geoglows_26,142.1248239,44.00002814
27,japan-geoglows_27,142.3748236,44.00002814
28,japan-geoglows_28,142.6248233,44.00002814
29,japan-geoglows_29,142.874823,44.00002814
30,japan-geoglows_30,143.1248226,44.00002814
31,japan-geoglows_31,143.3748223,44.00002814
32,japan-geoglows_32,143.624822,44.00002814
33,japan-geoglows_33,143.8748217,44.00002814
34,japan-geoglows_34,144.1248213,44.00002814
35,japan-geoglows_35,144.374821,44.00002814
36,japan-geoglows_36,145.12482,44.00002814
37,japan-geoglows_37,141.6248246,43.75002829
38,japan-geoglows_38,141.8748243,43.75002829
39,japan-geoglows_39,142.1248239,43.75002829
40,japan-geoglows_40,142.3748236,43.75002829
41,japan-geoglows_41,142.6248233,43.75002829
42,japan-geoglows_42,142.874823,43.75002829
43,japan-geoglows_43,143.1248226,43.75002829
44,japan-geoglows_44,143.3748223,43.75002829
45,japan-geoglows_45,143.624822,43.75002829
46,japan-geoglows_46,143.8748217,43.75002829
47,japan-geoglows_47,144.1248213,43.75002829
48,japan-geoglows_48,144.374821,43.75002829
49,japan-geoglows_49,144.6248207,43.75002829
50,japan-geoglows_50,144.8748204,43.75002829
51,japan-geoglows_51,141.6248246,43.50002844
52,japan-geoglows_52,141.8748243,43.50002844
53,japan-geoglows_53,142.1248239,43.50002844
54,japan-geoglows_54,142.3748236,43.50002844
55,japan-geoglows_55,142.6248233,43.50002844
56,japan-geoglows_56,142.874823,43.50002844
57,japan-geoglows_57,143.1248226,43.50002844
58,japan-geoglows_58,143.3748223,43.50002844
59,japan-geoglows_59,143.624822,43.50002844
60,japan-geoglows_60,143.8748217,43.50002844
61,japan-geoglows_61,144.1248213,43.50002844
62,japan-geoglows_62,144.374821,43.50002844
63,japan-geoglows_63,144.6248207,43.50002844
64,japan-geoglows_64,144.8748204,43.50002844
65,japan-geoglows_65,145.12482,43.50002844
66,japan-geoglows_66,140.3748262,43.25002859
67,japan-geoglows_67,140.6248259,43.25002859
68,japan-geoglows_68,141.6248246,43.25002859
69,japan-geoglows_69,141.8748243,43.25002859
70,japan-geoglows_70,142.1248239,43.25002859
71,japan-geoglows_71,142.3748236,43.25002859
72,japan-geoglows_72,142.6248233,43.25002859
73,japan-geoglows_73,142.874823,43.25002859
74,japan-geoglows_74,143.1248226,43.25002859
75,japan-geoglows_75,143.3748223,43.25002859
76,japan-geoglows_76,143.624822,43.25002859
77,japan-geoglows_77,143.8748217,43.25002859
78,japan-geoglows_78,144.1248213,43.25002859
79,japan-geoglows_79,144.374821,43.25002859
80,japan-geoglows_80,144.6248207,43.25002859
81,japan-geoglows_81,144.8748204,43.25002859
82,japan-geoglows_82,145.12482,43.25002859
83,japan-geoglows_83,145.3748197,43.25002859
84,japan-geoglows_84,140.6248259,43.00002875
85,japan-geoglows_85,140.8748256,43.00002875
86,japan-geoglows_86,141.1248252,43.00002875
87,japan-geoglows_87,141.3748249,43.00002875
88,japan-geoglows_88,141.6248246,43.00002875
89,japan-geoglows_89,141.8748243,43.00002875
90,japan-geoglows_90,142.1248239,43.00002875
91,japan-geoglows_91,142.3748236,43.00002875
92,japan-geoglows_92,142.6248233,43.00002875
93,japan-geoglows_93,142.874823,43.00002875
94,japan-geoglows_94,143.1248226,43.00002875
95,japan-geoglows_95,143.3748223,43.00002875
96,japan-geoglows_96,143.624822,43.00002875
97,japan-geoglows_97,143.8748217,43.00002875
98,japan-geoglows_98,144.1248213,43.00002875
99,japan-geoglows_99,144.374821,43.00002875
100,japan-geoglows_100,144.6248207,43.00002875
101,japan-geoglows_101,140.3748262,42.7500289
102,japan-geoglows_102,140.6248259,42.7500289
103,japan-geoglows_103,140.8748256,42.7500289
104,japan-geoglows_104,141.1248252,42.7500289
105,japan-geoglows_105,141.3748249,42.7500289
106,japan-geoglows_106,141.6248246,42.7500289
107,japan-geoglows_107,141.8748243,42.7500289
108,japan-geoglows_108,142.1248239,42.7500289
109,japan-geoglows_109,142.3748236,42.7500289
110,japan-geoglows_110,142.6248233,42.7500289
111,japan-geoglows_111,142.874823,42.7500289
112,japan-geoglows_112,143.1248226,42.7500289
113,japan-geoglows_113,143.3748223,42.7500289
114,japan-geoglows_114,143.624822,42.7500289
115,japan-geoglows_115,143.8748217,42.7500289
116,japan-geoglows_116,139.8748269,42.50002905
117,japan-geoglows_117,140.1248266,42.50002905
118,japan-geoglows_118,140.8748256,42.50002905
119,japan-geoglows_119,141.1248252,42.50002905
120,japan-geoglows_120,142.1248239,42.50002905
121,japan-geoglows_121,142.3748236,42.50002905
122,japan-geoglows_122,142.6248233,42.50002905
123,japan-geoglows_123,142.874823,42.50002905
124,japan-geoglows_124,143.1248226,42.50002905
125,japan-geoglows_125,143.3748223,42.50002905
126,japan-geoglows_126,140.1248266,42.2500292
127,japan-geoglows_127,142.6248233,42.2500292
128,japan-geoglows_128,142.874823,42.2500292
129,japan-geoglows_129,143.1248226,42.2500292
130,japan-geoglows_130,140.1248266,42.00002936
131,japan-geoglows_131,140.3748262,42.00002936
132,japan-geoglows_132,140.6248259,42.00002936
133,japan-geoglows_133,140.3748262,41.75002951
134,japan-geoglows_134,140.1248266,41.50002966
135,japan-geoglows_135,140.8748256,41.25002981
136,japan-geoglows_136,141.1248252,41.25002981
137,japan-geoglows_137,141.3748249,41.25002981
138,japan-geoglows_138,140.3748262,41.00002997
139,japan-geoglows_139,141.3748249,41.00002997
140,japan-geoglows_140,140.3748262,40.75003012
141,japan-geoglows_141,140.6248259,40.75003012
142,japan-geoglows_142,140.8748256,40.75003012
143,japan-geoglows_143,141.1248252,40.75003012
144,japan-geoglows_144,140.1248266,40.50003027
145,japan-geoglows_145,140.3748262,40.50003027
146,japan-geoglows_146,140.6248259,40.50003027
147,japan-geoglows_147,140.8748256,40.50003027
148,japan-geoglows_148,141.1248252,40.50003027
149,japan-geoglows_149,141.3748249,40.50003027
150,japan-geoglows_150,140.1248266,40.25003042
151,japan-geoglows_151,140.3748262,40.25003042
152,japan-geoglows_152,140.6248259,40.25003042
153,japan-geoglows_153,140.8748256,40.25003042
154,japan-geoglows_154,141.1248252,40.25003042
155,japan-geoglows_155,141.3748249,40.25003042
156,japan-geoglows_156,141.6248246,40.25003042
157,japan-geoglows_157,140.1248266,40.00003058
158,japan-geoglows_158,140.3748262,40.00003058
159,japan-geoglows_159,140.6248259,40.00003058
160,japan-geoglows_160,140.8748256,40.00003058
161,japan-geoglows_161,141.1248252,40.00003058
162,japan-geoglows_162,141.3748249,40.00003058
163,japan-geoglows_163,141.6248246,40.00003058
164,japan-geoglows_164,141.8748243,40.00003058
165,japan-geoglows_165,140.1248266,39.75003073
166,japan-geoglows_166,140.3748262,39.75003073
167,japan-geoglows_167,140.6248259,39.75003073
168,japan-geoglows_168,140.8748256,39.75003073
169,japan-geoglows_169,141.1248252,39.75003073
170,japan-geoglows_170,141.3748249,39.75003073
171,japan-geoglows_171,141.6248246,39.75003073
172,japan-geoglows_172,141.8748243,39.75003073
173,japan-geoglows_173,140.1248266,39.50003088
174,japan-geoglows_174,140.3748262,39.50003088
175,japan-geoglows_175,140.6248259,39.50003088
176,japan-geoglows_176,140.8748256,39.50003088
177,japan-geoglows_177,141.1248252,39.50003088
178,japan-geoglows_178,141.3748249,39.50003088
179,japan-geoglows_179,141.6248246,39.50003088
180,japan-geoglows_180,141.8748243,39.50003088
181,japan-geoglows_181,140.1248266,39.25003103
182,japan-geoglows_182,140.3748262,39.25003103
183,japan-geoglows_183,140.6248259,39.25003103
184,japan-geoglows_184,140.8748256,39.25003103
185,japan-geoglows_185,141.1248252,39.25003103
186,japan-geoglows_186,141.3748249,39.25003103
187,japan-geoglows_187,141.6248246,39.25003103
188,japan-geoglows_188,139.8748269,39.00003119
189,japan-geoglows_189,140.1248266,39.00003119
190,japan-geoglows_190,140.3748262,39.00003119
191,japan-geoglows_191,140.6248259,39.00003119
192,japan-geoglows_192,140.8748256,39.00003119
193,japan-geoglows_193,141.1248252,39.00003119
194,japan-geoglows_194,141.3748249,39.00003119
195,japan-geoglows_195,141.6248246,39.00003119
196,japan-geoglows_196,139.8748269,38.75003134
197,japan-geoglows_197,140.1248266,38.75003134
198,japan-geoglows_198,140.3748262,38.75003134
199,japan-geoglows_199,140.6248259,38.75003134
200,japan-geoglows_200,140.8748256,38.75003134
201,japan-geoglows_201,141.1248252,38.75003134
202,japan-geoglows_202,141.3748249,38.75003134
203,japan-geoglows_203,141.6248246,38.75003134
204,japan-geoglows_204,139.6248272,38.50003149
205,japan-geoglows_205,139.8748269,38.50003149
206,japan-geoglows_206,140.1248266,38.50003149
207,japan-geoglows_207,140.3748262,38.50003149
208,japan-geoglows_208,140.6248259,38.50003149
209,japan-geoglows_209,140.8748256,38.50003149
210,japan-geoglows_210,141.1248252,38.50003149
211,japan-geoglows_211,141.3748249,38.50003149
212,japan-geoglows_212,139.6248272,38.25003164
213,japan-geoglows_213,139.8748269,38.25003164
214,japan-geoglows_214,140.1248266,38.25003164
215,japan-geoglows_215,140.3748262,38.25003164
216,japan-geoglows_216,140.6248259,38.25003164
217,japan-geoglows_217,140.8748256,38.25003164
218,japan-geoglows_218,138.3748288,38.0000318
219,japan-geoglows_219,139.3748275,38.0000318
220,japan-geoglows_220,139.6248272,38.0000318
221,japan-geoglows_221,139.8748269,38.0000318
222,japan-geoglows_222,140.1248266,38.0000318
223,japan-geoglows_223,140.3748262,38.0000318
224,japan-geoglows_224,140.6248259,38.0000318
225,japan-geoglows_225,138.8748282,37.75003195
226,japan-geoglows_226,139.1248279,37.75003195
227,japan-geoglows_227,139.3748275,37.75003195
228,japan-geoglows_228,139.6248272,37.75003195
229,japan-geoglows_229,139.8748269,37.75003195
230,japan-geoglows_230,140.1248266,37.75003195
231,japan-geoglows_231,140.3748262,37.75003195
232,japan-geoglows_232,140.6248259,37.75003195
233,japan-geoglows_233,140.8748256,37.75003195
234,japan-geoglows_234,138.8748282,37.5000321
235,japan-geoglows_235,139.1248279,37.5000321
236,japan-geoglows_236,139.3748275,37.5000321
237,japan-geoglows_237,139.6248272,37.5000321
238,japan-geoglows_238,139.8748269,37.5000321
239,japan-geoglows_239,140.1248266,37.5000321
240,japan-geoglows_240,140.3748262,37.5000321
241,japan-geoglows_241,140.6248259,37.5000321
242,japan-geoglows_242,140.8748256,37.5000321
243,japan-geoglows_243,141.1248252,37.5000321
244,japan-geoglows_244,136.8748308,37.25003225
245,japan-geoglows_245,138.3748288,37.25003225
246,japan-geoglows_246,138.6248285,37.25003225
247,japan-geoglows_247,138.8748282,37.25003225
248,japan-geoglows_248,139.1248279,37.25003225
249,japan-geoglows_249,139.3748275,37.25003225
250,japan-geoglows_250,139.6248272,37.25003225
251,japan-geoglows_251,139.8748269,37.25003225
252,japan-geoglows_252,140.1248266,37.25003225
253,japan-geoglows_253,140.3748262,37.25003225
254,japan-geoglows_254,140.6248259,37.25003225
255,japan-geoglows_255,140.8748256,37.25003225
256,japan-geoglows_256,141.1248252,37.25003225
257,japan-geoglows_257,136.8748308,37.00003241
258,japan-geoglows_258,137.8748295,37.00003241
259,japan-geoglows_259,138.1248292,37.00003241
260,japan-geoglows_260,138.3748288,37.00003241
261,japan-geoglows_261,138.6248285,37.00003241
262,japan-geoglows_262,138.8748282,37.00003241
263,japan-geoglows_263,139.1248279,37.00003241
264,japan-geoglows_264,139.3748275,37.00003241
265,japan-geoglows_265,139.6248272,37.00003241
266,japan-geoglows_266,139.8748269,37.00003241
267,japan-geoglows_267,140.1248266,37.00003241
268,japan-geoglows_268,140.3748262,37.00003241
269,japan-geoglows_269,140.6248259,37.00003241
270,japan-geoglows_270,140.8748256,37.00003241
271,japan-geoglows_271,136.8748308,36.75003256
272,japan-geoglows_272,137.1248305,36.75003256
273,japan-geoglows_273,137.3748301,36.75003256
274,japan-geoglows_274,137.6248298,36.75003256
275,japan-geoglows_275,137.8748295,36.75003256
276,japan-geoglows_276,138.1248292,36.75003256
277,japan-geoglows_277,138.3748288,36.75003256
278,japan-geoglows_278,138.6248285,36.75003256
279,japan-geoglows_279,138.8748282,36.75003256
280,japan-geoglows_280,139.1248279,36.75003256
281,japan-geoglows_281,139.3748275,36.75003256
282,japan-geoglows_282,139.6248272,36.75003256
283,japan-geoglows_283,139.8748269,36.75003256
284,japan-geoglows_284,140.1248266,36.75003256
285,japan-geoglows_285,140.3748262,36.75003256
286,japan-geoglows_286,140.6248259,36.75003256
287,japan-geoglows_287,136.6248311,36.50003271
288,japan-geoglows_288,136.8748308,36.50003271
289,japan-geoglows_289,137.1248305,36.50003271
290,japan-geoglows_290,137.3748301,36.50003271
291,japan-geoglows_291,137.6248298,36.50003271
292,japan-geoglows_292,137.8748295,36.50003271
293,japan-geoglows_293,138.1248292,36.50003271
294,japan-geoglows_294,138.3748288,36.50003271
295,japan-geoglows_295,138.6248285,36.50003271
296,japan-geoglows_296,138.8748282,36.50003271
297,japan-geoglows_297,139.1248279,36.50003271
298,japan-geoglows_298,139.3748275,36.50003271
299,japan-geoglows_299,139.6248272,36.50003271
300,japan-geoglows_300,139.8748269,36.50003271
301,japan-geoglows_301,140.1248266,36.50003271
302,japan-geoglows_302,140.3748262,36.50003271
303,japan-geoglows_303,133.3748354,36.25003286
304,japan-geoglows_304,136.3748314,36.25003286
305,japan-geoglows_305,136.6248311,36.25003286
306,japan-geoglows_306,136.8748308,36.25003286
307,japan-geoglows_307,137.1248305,36.25003286
308,japan-geoglows_308,137.3748301,36.25003286
309,japan-geoglows_309,137.6248298,36.25003286
310,japan-geoglows_310,137.8748295,36.25003286
311,japan-geoglows_311,138.1248292,36.25003286
312,japan-geoglows_312,138.3748288,36.25003286
313,japan-geoglows_313,138.6248285,36.25003286
314,japan-geoglows_314,138.8748282,36.25003286
315,japan-geoglows_315,139.1248279,36.25003286
316,japan-geoglows_316,139.3748275,36.25003286
317,japan-geoglows_317,139.6248272,36.25003286
318,japan-geoglows_318,139.8748269,36.25003286
319,japan-geoglows_319,140.1248266,36.25003286
320,japan-geoglows_320,140.3748262,36.25003286
321,japan-geoglows_321,136.1248318,36.00003302
322,japan-geoglows_322,136.3748314,36.00003302
323,japan-geoglows_323,136.6248311,36.00003302
324,japan-geoglows_324,136.8748308,36.00003302
325,japan-geoglows_325,137.1248305,36.00003302
326,japan-geoglows_326,137.3748301,36.00003302
327,japan-geoglows_327,137.6248298,36.00003302
328,japan-geoglows_328,137.8748295,36.00003302
329,japan-geoglows_329,138.1248292,36.00003302
330,japan-geoglows_330,138.3748288,36.00003302
331,japan-geoglows_331,138.6248285,36.00003302
332,japan-geoglows_332,138.8748282,36.00003302
333,japan-geoglows_333,139.1248279,36.00003302
334,japan-geoglows_334,139.3748275,36.00003302
335,japan-geoglows_335,139.6248272,36.00003302
336,japan-geoglows_336,139.8748269,36.00003302
337,japan-geoglows_337,140.1248266,36.00003302
338,japan-geoglows_338,140.3748262,36.00003302
339,japan-geoglows_339,140.6248259,36.00003302
340,japan-geoglows_340,135.3748327,35.75003317
341,japan-geoglows_341,136.1248318,35.75003317
342,japan-geoglows_342,136.3748314,35.75003317
343,japan-geoglows_343,136.6248311,35.75003317
344,japan-geoglows_344,136.8748308,35.75003317
345,japan-geoglows_345,137.1248305,35.75003317
346,japan-geoglows_346,137.3748301,35.75003317
347,japan-geoglows_347,137.6248298,35.75003317
348,japan-geoglows_348,137.8748295,35.75003317
349,japan-geoglows_349,138.1248292,35.75003317
350,japan-geoglows_350,138.3748288,35.75003317
351,japan-geoglows_351,138.6248285,35.75003317
352,japan-geoglows_352,138.8748282,35.75003317
353,japan-geoglows_353,139.1248279,35.75003317
354,japan-geoglows_354,139.3748275,35.75003317
355,japan-geoglows_355,139.6248272,35.75003317
356,japan-geoglows_356,139.8748269,35.75003317
357,japan-geoglows_357,140.1248266,35.75003317
358,japan-geoglows_358,140.3748262,35.75003317
359,japan-geoglows_359,140.6248259,35.75003317
360,japan-geoglows_360,132.874836,35.50003332
361,japan-geoglows_361,133.1248357,35.50003332
362,japan-geoglows_362,133.8748347,35.50003332
363,japan-geoglows_363,134.1248344,35.50003332
364,japan-geoglows_364,134.3748341,35.50003332
365,japan-geoglows_365,134.6248337,35.50003332
366,japan-geoglows_366,134.8748334,35.50003332
367,japan-geoglows_367,135.1248331,35.50003332
368,japan-geoglows_368,135.3748327,35.50003332
369,japan-geoglows_369,135.6248324,35.50003332
370,japan-geoglows_370,135.8748321,35.50003332
371,japan-geoglows_371,136.1248318,35.50003332
372,japan-geoglows_372,136.3748314,35.50003332
373,japan-geoglows_373,136.6248311,35.50003332
374,japan-geoglows_374,136.8748308,35.50003332
375,japan-geoglows_375,137.1248305,35.50003332
376,japan-geoglows_376,137.3748301,35.50003332
377,japan-geoglows_377,137.6248298,35.50003332
378,japan-geoglows_378,137.8748295,35.50003332
379,japan-geoglows_379,138.1248292,35.50003332
380,japan-geoglows_380,138.3748288,35.50003332
381,japan-geoglows_381,138.6248285,35.50003332
382,japan-geoglows_382,138.8748282,35.50003332
383,japan-geoglows_383,139.1248279,35.50003332
384,japan-geoglows_384,139.3748275,35.50003332
385,japan-geoglows_385,139.8748269,35.50003332
386,japan-geoglows_386,140.1248266,35.50003332
387,japan-geoglows_387,140.3748262,35.50003332
388,japan-geoglows_388,132.6248363,35.25003347
389,japan-geoglows_389,132.874836,35.25003347
390,japan-geoglows_390,133.1248357,35.25003347
391,japan-geoglows_391,133.3748354,35.25003347
392,japan-geoglows_392,133.624835,35.25003347
393,japan-geoglows_393,133.8748347,35.25003347
394,japan-geoglows_394,134.1248344,35.25003347
395,japan-geoglows_395,134.3748341,35.25003347
396,japan-geoglows_396,134.6248337,35.25003347
397,japan-geoglows_397,134.8748334,35.25003347
398,japan-geoglows_398,135.1248331,35.25003347
399,japan-geoglows_399,135.3748327,35.25003347
400,japan-geoglows_400,135.6248324,35.25003347
401,japan-geoglows_401,135.8748321,35.25003347
402,japan-geoglows_402,136.1248318,35.25003347
403,japan-geoglows_403,136.3748314,35.25003347
404,japan-geoglows_404,136.6248311,35.25003347
405,japan-geoglows_405,136.8748308,35.25003347
406,japan-geoglows_406,137.1248305,35.25003347
407,japan-geoglows_407,137.3748301,35.25003347
408,japan-geoglows_408,137.6248298,35.25003347
409,japan-geoglows_409,137.8748295,35.25003347
410,japan-geoglows_410,138.1248292,35.25003347
411,japan-geoglows_411,138.3748288,35.25003347
412,japan-geoglows_412,138.6248285,35.25003347
413,japan-geoglows_413,138.8748282,35.25003347
414,japan-geoglows_414,139.1248279,35.25003347
415,japan-geoglows_415,139.3748275,35.25003347
416,japan-geoglows_416,140.1248266,35.25003347
417,japan-geoglows_417,132.3748367,35.00003363
418,japan-geoglows_418,132.6248363,35.00003363
419,japan-geoglows_419,132.874836,35.00003363
420,japan-geoglows_420,133.1248357,35.00003363
421,japan-geoglows_421,133.3748354,35.00003363
422,japan-geoglows_422,133.624835,35.00003363
423,japan-geoglows_423,133.8748347,35.00003363
424,japan-geoglows_424,134.1248344,35.00003363
425,japan-geoglows_425,134.3748341,35.00003363
426,japan-geoglows_426,134.6248337,35.00003363
427,japan-geoglows_427,134.8748334,35.00003363
428,japan-geoglows_428,135.1248331,35.00003363
429,japan-geoglows_429,135.3748327,35.00003363
430,japan-geoglows_430,135.6248324,35.00003363
431,japan-geoglows_431,135.8748321,35.00003363
432,japan-geoglows_432,136.1248318,35.00003363
433,japan-geoglows_433,136.3748314,35.00003363
434,japan-geoglows_434,136.6248311,35.00003363
435,japan-geoglows_435,136.8748308,35.00003363
436,japan-geoglows_436,137.1248305,35.00003363
437,japan-geoglows_437,137.3748301,35.00003363
438,japan-geoglows_438,137.6248298,35.00003363
439,japan-geoglows_439,137.8748295,35.00003363
440,japan-geoglows_440,138.1248292,35.00003363
441,japan-geoglows_441,138.3748288,35.00003363
442,japan-geoglows_442,139.1248279,35.00003363
443,japan-geoglows_443,139.8748269,35.00003363
444,japan-geoglows_444,140.1248266,35.00003363
445,japan-geoglows_445,132.124837,34.75003378
446,japan-geoglows_446,132.3748367,34.75003378
447,japan-geoglows_447,132.6248363,34.75003378
448,japan-geoglows_448,132.874836,34.75003378
449,japan-geoglows_449,133.1248357,34.75003378
450,japan-geoglows_450,133.3748354,34.75003378
451,japan-geoglows_451,133.624835,34.75003378
452,japan-geoglows_452,133.8748347,34.75003378
453,japan-geoglows_453,134.1248344,34.75003378
454,japan-geoglows_454,134.3748341,34.75003378
455,japan-geoglows_455,134.6248337,34.75003378
456,japan-geoglows_456,134.8748334,34.75003378
457,japan-geoglows_457,135.1248331,34.75003378
458,japan-geoglows_458,135.3748327,34.75003378
459,japan-geoglows_459,135.6248324,34.75003378
460,japan-geoglows_460,135.8748321,34.75003378
461,japan-geoglows_461,136.1248318,34.75003378
462,japan-geoglows_462,136.3748314,34.75003378
463,japan-geoglows_463,137.3748301,34.75003378
464,japan-geoglows_464,137.8748295,34.75003378
465,japan-geoglows_465,138.1248292,34.75003378
466,japan-geoglows_466,138.3748288,34.75003378
467,japan-geoglows_467,138.8748282,34.75003378
468,japan-geoglows_468,129.3748406,34.50003393
469,japan-geoglows_469,131.6248376,34.50003393
470,japan-geoglows_470,131.8748373,34.50003393
471,japan-geoglows_471,132.124837,34.50003393
472,japan-geoglows_472,132.3748367,34.50003393
473,japan-geoglows_473,132.6248363,34.50003393
474,japan-geoglows_474,132.874836,34.50003393
475,japan-geoglows_475,133.1248357,34.50003393
476,japan-geoglows_476,133.624835,34.50003393
477,japan-geoglows_477,133.8748347,34.50003393
478,japan-geoglows_478,135.6248324,34.50003393
479,japan-geoglows_479,135.8748321,34.50003393
480,japan-geoglows_480,136.1248318,34.50003393
481,japan-geoglows_481,136.3748314,34.50003393
482,japan-geoglows_482,136.6248311,34.50003393
483,japan-geoglows_483,136.8748308,34.50003393
484,japan-geoglows_484,129.3748406,34.25003408
485,japan-geoglows_485,131.1248383,34.25003408
486,japan-geoglows_486,131.374838,34.25003408
487,japan-geoglows_487,131.6248376,34.25003408
488,japan-geoglows_488,131.8748373,34.25003408
489,japan-geoglows_489,132.124837,34.25003408
490,japan-geoglows_490,132.6248363,34.25003408
491,japan-geoglows_491,132.874836,34.25003408
492,japan-geoglows_492,133.8748347,34.25003408
493,japan-geoglows_493,134.1248344,34.25003408
494,japan-geoglows_494,134.3748341,34.25003408
495,japan-geoglows_495,134.8748334,34.25003408
496,japan-geoglows_496,135.3748327,34.25003408
497,japan-geoglows_497,135.6248324,34.25003408
498,japan-geoglows_498,135.8748321,34.25003408
499,japan-geoglows_499,136.1248318,34.25003408
500,japan-geoglows_500,136.3748314,34.25003408
501,japan-geoglows_501,136.6248311,34.25003408
502,japan-geoglows_502,131.1248383,34.00003424
503,japan-geoglows_503,131.374838,34.00003424
504,japan-geoglows_504,132.124837,34.00003424
505,japan-geoglows_505,132.874836,34.00003424
506,japan-geoglows_506,133.1248357,34.00003424
507,japan-geoglows_507,133.624835,34.00003424
508,japan-geoglows_508,133.8748347,34.00003424
509,japan-geoglows_509,134.1248344,34.00003424
510,japan-geoglows_510,134.3748341,34.00003424
511,japan-geoglows_511,135.3748327,34.00003424
512,japan-geoglows_512,135.6248324,34.00003424
513,japan-geoglows_513,135.8748321,34.00003424
514,japan-geoglows_514,136.1248318,34.00003424
515,japan-geoglows_515,130.6248389,33.75003439
516,japan-geoglows_516,130.8748386,33.75003439
517,japan-geoglows_517,131.1248383,33.75003439
518,japan-geoglows_518,132.874836,33.75003439
519,japan-geoglows_519,133.1248357,33.75003439
520,japan-geoglows_520,133.3748354,33.75003439
521,japan-geoglows_521,133.624835,33.75003439
522,japan-geoglows_522,133.8748347,33.75003439
523,japan-geoglows_523,134.1248344,33.75003439
524,japan-geoglows_524,134.3748341,33.75003439
525,japan-geoglows_525,135.3748327,33.75003439
526,japan-geoglows_526,135.6248324,33.75003439
527,japan-geoglows_527,135.8748321,33.75003439
528,japan-geoglows_528,130.3748393,33.50003454
529,japan-geoglows_529,130.6248389,33.50003454
530,japan-geoglows_530,130.8748386,33.50003454
531,japan-geoglows_531,131.1248383,33.50003454
532,japan-geoglows_532,131.374838,33.50003454
533,japan-geoglows_533,131.6248376,33.50003454
534,japan-geoglows_534,131.8748373,33.50003454
535,japan-geoglows_535,132.6248363,33.50003454
536,japan-geoglows_536,132.874836,33.50003454
537,japan-geoglows_537,133.1248357,33.50003454
538,japan-geoglows_538,133.3748354,33.50003454
539,japan-geoglows_539,133.624835,33.50003454
540,japan-geoglows_540,134.1248344,33.50003454
541,japan-geoglows_541,129.6248402,33.25003469
542,japan-geoglows_542,129.8748399,33.25003469
543,japan-geoglows_543,130.1248396,33.25003469
544,japan-geoglows_544,130.3748393,33.25003469
545,japan-geoglows_545,130.6248389,33.25003469
546,japan-geoglows_546,130.8748386,33.25003469
547,japan-geoglows_547,131.1248383,33.25003469
548,japan-geoglows_548,131.374838,33.25003469
549,japan-geoglows_549,131.6248376,33.25003469
550,japan-geoglows_550,132.6248363,33.25003469
551,japan-geoglows_551,132.874836,33.25003469
552,japan-geoglows_552,133.1248357,33.25003469
553,japan-geoglows_553,133.3748354,33.25003469
554,japan-geoglows_554,130.1248396,33.00003485
555,japan-geoglows_555,130.6248389,33.00003485
556,japan-geoglows_556,130.8748386,33.00003485
557,japan-geoglows_557,131.1248383,33.00003485
558,japan-geoglows_558,131.374838,33.00003485
559,japan-geoglows_559,131.6248376,33.00003485
560,japan-geoglows_560,132.6248363,33.00003485
561,japan-geoglows_561,132.874836,33.00003485
562,japan-geoglows_562,128.8748412,32.750035
563,japan-geoglows_563,129.8748399,32.750035
564,japan-geoglows_564,130.6248389,32.750035
565,japan-geoglows_565,130.8748386,32.750035
566,japan-geoglows_566,131.1248383,32.750035
567,japan-geoglows_567,131.374838,32.750035
568,japan-geoglows_568,131.6248376,32.750035
569,japan-geoglows_569,130.6248389,32.50003515
570,japan-geoglows_570,130.8748386,32.50003515
571,japan-geoglows_571,131.1248383,32.50003515
572,japan-geoglows_572,131.374838,32.50003515
573,japan-geoglows_573,130.1248396,32.2500353
574,japan-geoglows_574,130.6248389,32.2500353
575,japan-geoglows_575,130.8748386,32.2500353
576,japan-geoglows_576,131.1248383,32.2500353
577,japan-geoglows_577,131.374838,32.2500353
578,japan-geoglows_578,130.3748393,32.00003546
579,japan-geoglows_579,130.6248389,32.00003546
580,japan-geoglows_580,130.8748386,32.00003546
581,japan-geoglows_581,131.1248383,32.00003546
582,japan-geoglows_582,131.374838,32.00003546
583,japan-geoglows_583,130.3748393,31.75003561
584,japan-geoglows_584,130.6248389,31.75003561
585,japan-geoglows_585,130.8748386,31.75003561
586,japan-geoglows_586,131.1248383,31.75003561
587,japan-geoglows_587,131.374838,31.75003561
588,japan-geoglows_588,130.6248389,31.50003576
589,japan-geoglows_589,130.8748386,31.50003576
590,japan-geoglows_590,131.1248383,31.50003576
591,japan-geoglows_591,131.374838,31.50003576
592,japan-geoglows_592,130.6248389,31.25003591
593,japan-geoglows_593,130.8748386,31.25003591
594,japan-geoglows_594,131.1248383,31.25003591
595,japan-geoglows_595,129.3748406,28.25003774
596,japan-geoglows_596,128.3748419,26.75003866